{"cameraMode":{"drawMode":0,"name":"Shaded","section":"Shading Mode"},"sceneLighting":true,"audioPlay":false,"sceneViewState":{"m_AlwaysRefresh":false,"showFog":true,"showSkybox":true,"showFlares":true,"showImageEffects":true,"showParticleSystems":true,"showVisualEffectGraphs":true,"m_FxEnabled":false},"in2DMode":false,"pivot":{"x":2.081366539001465,"y":-4.31006383895874,"z":15.381614685058594},"rotation":{"x":-0.1613272875547409,"y":-0.057109858840703967,"z":0.009351745247840882,"w":-0.9852044582366943},"size":10.327324867248536,"orthographic":false}